Hostname;CI;Location;Model;Status;Mac1;Mac2;Users
Benutzer ohne Login;;;;;;;"kbabab, 
adamcares, 
kbaklb, 
kbaban, 
kbakar, 
kbalat, 
kbanea, 
no user found, 
kbaanr, 
kbambt, 
kbajtt, 
kbaaog, 
no user found, 
kbasor, 
kbaabh, 
no user found, 
kbaaig, 
no user found, 
kbapcl, 
kbapol, 
kbafdi, 
kbajmi, 
kbaadi, 
kbasdj, 
no user found, 
kbatdu, 
no user found, 
kbaalo, 
kbaaen, 
kbanrn, 
kbarfa, 
kbafis, 
kbarfr, 
kbaaaf, 
kbalga, 
kbanga, 
kbanar, 
kbacgc, 
kbavgi, 
kbagon, 
kbamia, 
kbakng, 
kbashm, 
kbamhh, 
rschb, 
kbalof, 
kbalol, 
kbaaun, 
kbahuc, 
no user found, 
kbarje, 
kbaaur, 
kbakek, 
kbajli, 
kbatar, 
kbaeeg, 
no user found, 
kbaultra, 
kbaerk, 
kbarki, 
kbarng, 
kbajkc, 
kbanof, 
kbavos, 
kbaekd, 
kbatos, 
no user found, 
kbahku, 
kbaila, 
kbaalm, 
kbahle, 
kbadli, 
kbaflo, 
kbarlo, 
kbamls, 
kbawma, 
kbamhm, 
kbacme, 
kbahic, 
kbapmi, 
kbalmh, 
kbacmo, 
kbatmo, 
kbabmr, 
kbajll, 
kbaanh, 
kbatob, 
no user found, 
kbalom, 
kbaduo, 
kbadar, 
kbavpa, 
kbadrd, 
kbapri, 
kbapro, 
kbarjn, 
kbasui, 
no user found, 
kballv, 
kbajul, 
kbafch, 
no user found, 
kbarvs, 
kbamic, 
kbatna, 
kbapsi, 
kbaitg, 
kbansn, 
kbasht, 
kbazte, 
kbanei, 
kbamtm, 
kbaheb, 
kbamva, 
kbalan, 
kbajon, 
kbasvo, 
no user found, 
kbasys, "
Benutzer ohne Login;;;;;;;"kbabab, 
adamcares, 
kbaklb, 
kbaban, 
kbakar, 
kbalat, 
kbanea, 
no user found, 
kbaanr, 
kbambt, 
kbajtt, 
kbaaog, 
no user found, 
kbasor, 
kbaabh, 
no user found, 
kbaaig, 
no user found, 
kbapcl, 
kbapol, 
kbafdi, 
kbajmi, 
kbaadi, 
kbasdj, 
no user found, 
kbatdu, 
no user found, 
kbaalo, 
kbaaen, 
kbanrn, 
kbarfa, 
kbafis, 
kbarfr, 
kbaaaf, 
kbalga, 
kbanga, 
kbanar, 
kbacgc, 
kbavgi, 
kbagon, 
kbamia, 
kbakng, 
kbashm, 
kbamhh, 
rschb, 
kbalof, 
kbalol, 
kbaaun, 
kbahuc, 
no user found, 
kbarje, 
kbaaur, 
kbakek, 
kbajli, 
kbatar, 
kbaeeg, 
no user found, 
kbaultra, 
kbaerk, 
kbarki, 
kbarng, 
kbajkc, 
kbanof, 
kbavos, 
kbaekd, 
kbatos, 
no user found, 
kbahku, 
kbaila, 
kbaalm, 
kbahle, 
kbadli, 
kbaflo, 
kbarlo, 
kbamls, 
kbawma, 
kbamhm, 
kbacme, 
kbahic, 
kbapmi, 
kbalmh, 
kbacmo, 
kbatmo, 
kbabmr, 
kbajll, 
kbaanh, 
kbatob, 
no user found, 
kbalom, 
kbaduo, 
kbadar, 
kbavpa, 
kbadrd, 
kbapri, 
kbapro, 
kbarjn, 
kbasui, 
no user found, 
kballv, 
kbajul, 
kbafch, 
no user found, 
kbarvs, 
kbamic, 
kbatna, 
kbapsi, 
kbaitg, 
kbansn, 
kbasht, 
kbazte, 
kbanei, 
kbamtm, 
kbaheb, 
kbamva, 
kbalan, 
kbajon, 
kbasvo, 
no user found, 
kbasys, "
Benutzer ohne Login;;;;;;;"kbabab, 
adamcares, 
kbaklb, 
kbaban, 
kbakar, 
kbalat, 
kbanea, 
no user found, 
kbaanr, 
kbambt, 
kbajtt, 
kbaaog, 
no user found, 
kbasor, 
kbaabh, 
no user found, 
kbaaig, 
no user found, 
kbapcl, 
kbapol, 
kbafdi, 
kbajmi, 
kbaadi, 
kbasdj, 
no user found, 
kbatdu, 
no user found, 
kbaalo, 
kbaaen, 
kbanrn, 
kbarfa, 
kbafis, 
kbarfr, 
kbaaaf, 
kbalga, 
kbanga, 
kbanar, 
kbacgc, 
kbavgi, 
kbagon, 
kbamia, 
kbakng, 
kbashm, 
kbamhh, 
rschb, 
kbalof, 
kbalol, 
kbaaun, 
kbahuc, 
no user found, 
kbarje, 
kbaaur, 
kbakek, 
kbajli, 
kbatar, 
kbaeeg, 
no user found, 
kbaultra, 
kbaerk, 
kbarki, 
kbarng, 
kbajkc, 
kbanof, 
kbavos, 
kbaekd, 
kbatos, 
no user found, 
kbahku, 
kbaila, 
kbaalm, 
kbahle, 
kbadli, 
kbaflo, 
kbarlo, 
kbamls, 
kbawma, 
kbamhm, 
kbacme, 
kbahic, 
kbapmi, 
kbalmh, 
kbacmo, 
kbatmo, 
kbabmr, 
kbajll, 
kbaanh, 
kbatob, 
no user found, 
kbalom, 
kbaduo, 
kbadar, 
kbavpa, 
kbadrd, 
kbapri, 
kbapro, 
kbarjn, 
kbasui, 
no user found, 
kballv, 
kbajul, 
kbafch, 
no user found, 
kbarvs, 
kbamic, 
kbatna, 
kbapsi, 
kbaitg, 
kbansn, 
kbasht, 
kbazte, 
kbanei, 
kbamtm, 
kbaheb, 
kbamva, 
kbalan, 
kbajon, 
kbasvo, 
no user found, 
kbasys, "
Benutzer ohne Login;;;;;;;"kbabab, 
adamcares, 
kbaklb, 
kbaban, 
kbakar, 
kbalat, 
kbanea, 
no user found, 
kbaanr, 
kbambt, 
kbajtt, 
kbaaog, 
no user found, 
kbasor, 
kbaabh, 
no user found, 
kbaaig, 
no user found, 
kbapcl, 
kbapol, 
kbafdi, 
kbajmi, 
kbaadi, 
kbasdj, 
no user found, 
kbatdu, 
no user found, 
kbaalo, 
kbaaen, 
kbanrn, 
kbarfa, 
kbafis, 
kbarfr, 
kbaaaf, 
kbalga, 
kbanga, 
kbanar, 
kbacgc, 
kbavgi, 
kbagon, 
kbamia, 
kbakng, 
kbashm, 
kbamhh, 
rschb, 
kbalof, 
kbalol, 
kbaaun, 
kbahuc, 
no user found, 
kbarje, 
kbaaur, 
kbakek, 
kbajli, 
kbatar, 
kbaeeg, 
no user found, 
kbaultra, 
kbaerk, 
kbarki, 
kbarng, 
kbajkc, 
kbanof, 
kbavos, 
kbaekd, 
kbatos, 
no user found, 
kbahku, 
kbaila, 
kbaalm, 
kbahle, 
kbadli, 
kbaflo, 
kbarlo, 
kbamls, 
kbawma, 
kbamhm, 
kbacme, 
kbahic, 
kbapmi, 
kbalmh, 
kbacmo, 
kbatmo, 
kbabmr, 
kbajll, 
kbaanh, 
kbatob, 
no user found, 
kbalom, 
kbaduo, 
kbadar, 
kbavpa, 
kbadrd, 
kbapri, 
kbapro, 
kbarjn, 
kbasui, 
no user found, 
kballv, 
kbajul, 
kbafch, 
no user found, 
kbarvs, 
kbamic, 
kbatna, 
kbapsi, 
kbaitg, 
kbansn, 
kbasht, 
kbazte, 
kbanei, 
kbamtm, 
kbaheb, 
kbamva, 
kbalan, 
kbajon, 
kbasvo, 
no user found, 
kbasys, "
Benutzer ohne Login;;;;;;;"kbabab, 
adamcares, 
kbaklb, 
kbaban, 
kbakar, 
kbalat, 
kbanea, 
no user found, 
kbaanr, 
kbambt, 
kbajtt, 
kbaaog, 
no user found, 
kbasor, 
kbaabh, 
no user found, 
kbaaig, 
no user found, 
kbapcl, 
kbapol, 
kbafdi, 
kbajmi, 
kbaadi, 
kbasdj, 
no user found, 
kbatdu, 
no user found, 
kbaalo, 
kbaaen, 
kbanrn, 
kbarfa, 
kbafis, 
kbarfr, 
kbaaaf, 
kbalga, 
kbanga, 
kbanar, 
kbacgc, 
kbavgi, 
kbagon, 
kbamia, 
kbakng, 
kbashm, 
kbamhh, 
rschb, 
kbalof, 
kbalol, 
kbaaun, 
kbahuc, 
no user found, 
kbarje, 
kbaaur, 
kbakek, 
kbajli, 
kbatar, 
kbaeeg, 
no user found, 
kbaultra, 
kbaerk, 
kbarki, 
kbarng, 
kbajkc, 
kbanof, 
kbavos, 
kbaekd, 
kbatos, 
no user found, 
kbahku, 
kbaila, 
kbaalm, 
kbahle, 
kbadli, 
kbaflo, 
kbarlo, 
kbamls, 
kbawma, 
kbamhm, 
kbacme, 
kbahic, 
kbapmi, 
kbalmh, 
kbacmo, 
kbatmo, 
kbabmr, 
kbajll, 
kbaanh, 
kbatob, 
no user found, 
kbalom, 
kbaduo, 
kbadar, 
kbavpa, 
kbadrd, 
kbapri, 
kbapro, 
kbarjn, 
kbasui, 
no user found, 
kballv, 
kbajul, 
kbafch, 
no user found, 
kbarvs, 
kbamic, 
kbatna, 
kbapsi, 
kbaitg, 
kbansn, 
kbasht, 
kbazte, 
kbanei, 
kbamtm, 
kbaheb, 
kbamva, 
kbalan, 
kbajon, 
kbasvo, 
no user found, 
kbasys, "
Benutzer ohne Login;;;;;;;"kbabab, 
adamcares, 
kbaklb, 
kbaban, 
kbakar, 
kbalat, 
kbanea, 
no user found, 
kbaanr, 
kbambt, 
kbajtt, 
kbaaog, 
no user found, 
kbasor, 
kbaabh, 
no user found, 
kbaaig, 
no user found, 
kbapcl, 
kbapol, 
kbafdi, 
kbajmi, 
kbaadi, 
kbasdj, 
no user found, 
kbatdu, 
no user found, 
kbaalo, 
kbaaen, 
kbanrn, 
kbarfa, 
kbafis, 
kbarfr, 
kbaaaf, 
kbalga, 
kbanga, 
kbanar, 
kbacgc, 
kbavgi, 
kbagon, 
kbamia, 
kbakng, 
kbashm, 
kbamhh, 
rschb, 
kbalof, 
kbalol, 
kbaaun, 
kbahuc, 
no user found, 
kbarje, 
kbaaur, 
kbakek, 
kbajli, 
kbatar, 
kbaeeg, 
no user found, 
kbaultra, 
kbaerk, 
kbarki, 
kbarng, 
kbajkc, 
kbanof, 
kbavos, 
kbaekd, 
kbatos, 
no user found, 
kbahku, 
kbaila, 
kbaalm, 
kbahle, 
kbadli, 
kbaflo, 
kbarlo, 
kbamls, 
kbawma, 
kbamhm, 
kbacme, 
kbahic, 
kbapmi, 
kbalmh, 
kbacmo, 
kbatmo, 
kbabmr, 
kbajll, 
kbaanh, 
kbatob, 
no user found, 
kbalom, 
kbaduo, 
kbadar, 
kbavpa, 
kbadrd, 
kbapri, 
kbapro, 
kbarjn, 
kbasui, 
no user found, 
kballv, 
kbajul, 
kbafch, 
no user found, 
kbarvs, 
kbamic, 
kbatna, 
kbapsi, 
kbaitg, 
kbansn, 
kbasht, 
kbazte, 
kbanei, 
kbamtm, 
kbaheb, 
kbamva, 
kbalan, 
kbajon, 
kbasvo, 
no user found, 
kbasys, "
Benutzer ohne Login;;;;;;;"kbabab, 
adamcares, 
kbaklb, 
kbaban, 
kbakar, 
kbalat, 
kbanea, 
no user found, 
kbaanr, 
kbambt, 
kbajtt, 
kbaaog, 
no user found, 
kbasor, 
kbaabh, 
no user found, 
kbaaig, 
no user found, 
kbapcl, 
kbapol, 
kbafdi, 
kbajmi, 
kbaadi, 
kbasdj, 
no user found, 
kbatdu, 
no user found, 
kbaalo, 
kbaaen, 
kbanrn, 
kbarfa, 
kbafis, 
kbarfr, 
kbaaaf, 
kbalga, 
kbanga, 
kbanar, 
kbacgc, 
kbavgi, 
kbagon, 
kbamia, 
kbakng, 
kbashm, 
kbamhh, 
rschb, 
kbalof, 
kbalol, 
kbaaun, 
kbahuc, 
no user found, 
kbarje, 
kbaaur, 
kbakek, 
kbajli, 
kbatar, 
kbaeeg, 
no user found, 
kbaultra, 
kbaerk, 
kbarki, 
kbarng, 
kbajkc, 
kbanof, 
kbavos, 
kbaekd, 
kbatos, 
no user found, 
kbahku, 
kbaila, 
kbaalm, 
kbahle, 
kbadli, 
kbaflo, 
kbarlo, 
kbamls, 
kbawma, 
kbamhm, 
kbacme, 
kbahic, 
kbapmi, 
kbalmh, 
kbacmo, 
kbatmo, 
kbabmr, 
kbajll, 
kbaanh, 
kbatob, 
no user found, 
kbalom, 
kbaduo, 
kbadar, 
kbavpa, 
kbadrd, 
kbapri, 
kbapro, 
kbarjn, 
kbasui, 
no user found, 
kballv, 
kbajul, 
kbafch, 
no user found, 
kbarvs, 
kbamic, 
kbatna, 
kbapsi, 
kbaitg, 
kbansn, 
kbasht, 
kbazte, 
kbanei, 
kbamtm, 
kbaheb, 
kbamva, 
kbalan, 
kbajon, 
kbasvo, 
no user found, 
kbasys, "
Benutzer ohne Login;;;;;;;"kbabab, 
adamcares, 
kbaklb, 
kbaban, 
kbakar, 
kbalat, 
kbanea, 
no user found, 
kbaanr, 
kbambt, 
kbajtt, 
kbaaog, 
no user found, 
kbasor, 
kbaabh, 
no user found, 
kbaaig, 
no user found, 
kbapcl, 
kbapol, 
kbafdi, 
kbajmi, 
kbaadi, 
kbasdj, 
no user found, 
kbatdu, 
no user found, 
kbaalo, 
kbaaen, 
kbanrn, 
kbarfa, 
kbafis, 
kbarfr, 
kbaaaf, 
kbalga, 
kbanga, 
kbanar, 
kbacgc, 
kbavgi, 
kbagon, 
kbamia, 
kbakng, 
kbashm, 
kbamhh, 
rschb, 
kbalof, 
kbalol, 
kbaaun, 
kbahuc, 
no user found, 
kbarje, 
kbaaur, 
kbakek, 
kbajli, 
kbatar, 
kbaeeg, 
no user found, 
kbaultra, 
kbaerk, 
kbarki, 
kbarng, 
kbajkc, 
kbanof, 
kbavos, 
kbaekd, 
kbatos, 
no user found, 
kbahku, 
kbaila, 
kbaalm, 
kbahle, 
kbadli, 
kbaflo, 
kbarlo, 
kbamls, 
kbawma, 
kbamhm, 
kbacme, 
kbahic, 
kbapmi, 
kbalmh, 
kbacmo, 
kbatmo, 
kbabmr, 
kbajll, 
kbaanh, 
kbatob, 
no user found, 
kbalom, 
kbaduo, 
kbadar, 
kbavpa, 
kbadrd, 
kbapri, 
kbapro, 
kbarjn, 
kbasui, 
no user found, 
kballv, 
kbajul, 
kbafch, 
no user found, 
kbarvs, 
kbamic, 
kbatna, 
kbapsi, 
kbaitg, 
kbansn, 
kbasht, 
kbazte, 
kbanei, 
kbamtm, 
kbaheb, 
kbamva, 
kbalan, 
kbajon, 
kbasvo, 
no user found, 
kbasys, "
Benutzer ohne Login;;;;;;;"kbabab, 
adamcares, 
kbaklb, 
kbaban, 
kbakar, 
kbalat, 
kbanea, 
no user found, 
kbaanr, 
kbambt, 
kbajtt, 
kbaaog, 
no user found, 
kbasor, 
kbaabh, 
no user found, 
kbaaig, 
no user found, 
kbapcl, 
kbapol, 
kbafdi, 
kbajmi, 
kbaadi, 
kbasdj, 
no user found, 
kbatdu, 
no user found, 
kbaalo, 
kbaaen, 
kbanrn, 
kbarfa, 
kbafis, 
kbarfr, 
kbaaaf, 
kbalga, 
kbanga, 
kbanar, 
kbacgc, 
kbavgi, 
kbagon, 
kbamia, 
kbakng, 
kbashm, 
kbamhh, 
rschb, 
kbalof, 
kbalol, 
kbaaun, 
kbahuc, 
no user found, 
kbarje, 
kbaaur, 
kbakek, 
kbajli, 
kbatar, 
kbaeeg, 
no user found, 
kbaultra, 
kbaerk, 
kbarki, 
kbarng, 
kbajkc, 
kbanof, 
kbavos, 
kbaekd, 
kbatos, 
no user found, 
kbahku, 
kbaila, 
kbaalm, 
kbahle, 
kbadli, 
kbaflo, 
kbarlo, 
kbamls, 
kbawma, 
kbamhm, 
kbacme, 
kbahic, 
kbapmi, 
kbalmh, 
kbacmo, 
kbatmo, 
kbabmr, 
kbajll, 
kbaanh, 
kbatob, 
no user found, 
kbalom, 
kbaduo, 
kbadar, 
kbavpa, 
kbadrd, 
kbapri, 
kbapro, 
kbarjn, 
kbasui, 
no user found, 
kballv, 
kbajul, 
kbafch, 
no user found, 
kbarvs, 
kbamic, 
kbatna, 
kbapsi, 
kbaitg, 
kbansn, 
kbasht, 
kbazte, 
kbanei, 
kbamtm, 
kbaheb, 
kbamva, 
kbalan, 
kbajon, 
kbasvo, 
no user found, 
kbasys, "
Benutzer ohne Login;;;;;;;"kbabab, 
adamcares, 
kbaklb, 
kbaban, 
kbakar, 
kbalat, 
kbanea, 
no user found, 
kbaanr, 
kbambt, 
kbajtt, 
kbaaog, 
no user found, 
kbasor, 
kbaabh, 
no user found, 
kbaaig, 
no user found, 
kbapcl, 
kbapol, 
kbafdi, 
kbajmi, 
kbaadi, 
kbasdj, 
no user found, 
kbatdu, 
no user found, 
kbaalo, 
kbaaen, 
kbanrn, 
kbarfa, 
kbafis, 
kbarfr, 
kbaaaf, 
kbalga, 
kbanga, 
kbanar, 
kbacgc, 
kbavgi, 
kbagon, 
kbamia, 
kbakng, 
kbashm, 
kbamhh, 
rschb, 
kbalof, 
kbalol, 
kbaaun, 
kbahuc, 
no user found, 
kbarje, 
kbaaur, 
kbakek, 
kbajli, 
kbatar, 
kbaeeg, 
no user found, 
kbaultra, 
kbaerk, 
kbarki, 
kbarng, 
kbajkc, 
kbanof, 
kbavos, 
kbaekd, 
kbatos, 
no user found, 
kbahku, 
kbaila, 
kbaalm, 
kbahle, 
kbadli, 
kbaflo, 
kbarlo, 
kbamls, 
kbawma, 
kbamhm, 
kbacme, 
kbahic, 
kbapmi, 
kbalmh, 
kbacmo, 
kbatmo, 
kbabmr, 
kbajll, 
kbaanh, 
kbatob, 
no user found, 
kbalom, 
kbaduo, 
kbadar, 
kbavpa, 
kbadrd, 
kbapri, 
kbapro, 
kbarjn, 
kbasui, 
no user found, 
kballv, 
kbajul, 
kbafch, 
no user found, 
kbarvs, 
kbamic, 
kbatna, 
kbapsi, 
kbaitg, 
kbansn, 
kbasht, 
kbazte, 
kbanei, 
kbamtm, 
kbaheb, 
kbamva, 
kbalan, 
kbajon, 
kbasvo, 
no user found, 
kbasys, "
Benutzer ohne Login;;;;;;;"kbabab, 
adamcares, 
kbaklb, 
kbaban, 
kbakar, 
kbalat, 
kbanea, 
no user found, 
kbaanr, 
kbambt, 
kbajtt, 
kbaaog, 
no user found, 
kbasor, 
kbaabh, 
no user found, 
kbaaig, 
no user found, 
kbapcl, 
kbapol, 
kbafdi, 
kbajmi, 
kbaadi, 
kbasdj, 
no user found, 
kbatdu, 
no user found, 
kbaalo, 
kbaaen, 
kbanrn, 
kbarfa, 
kbafis, 
kbarfr, 
kbaaaf, 
kbalga, 
kbanga, 
kbanar, 
kbacgc, 
kbavgi, 
kbagon, 
kbamia, 
kbakng, 
kbashm, 
kbamhh, 
rschb, 
kbalof, 
kbalol, 
kbaaun, 
kbahuc, 
no user found, 
kbarje, 
kbaaur, 
kbakek, 
kbajli, 
kbatar, 
kbaeeg, 
no user found, 
kbaultra, 
kbaerk, 
kbarki, 
kbarng, 
kbajkc, 
kbanof, 
kbavos, 
kbaekd, 
kbatos, 
no user found, 
kbahku, 
kbaila, 
kbaalm, 
kbahle, 
kbadli, 
kbaflo, 
kbarlo, 
kbamls, 
kbawma, 
kbamhm, 
kbacme, 
kbahic, 
kbapmi, 
kbalmh, 
kbacmo, 
kbatmo, 
kbabmr, 
kbajll, 
kbaanh, 
kbatob, 
no user found, 
kbalom, 
kbaduo, 
kbadar, 
kbavpa, 
kbadrd, 
kbapri, 
kbapro, 
kbarjn, 
kbasui, 
no user found, 
kballv, 
kbajul, 
kbafch, 
no user found, 
kbarvs, 
kbamic, 
kbatna, 
kbapsi, 
kbaitg, 
kbansn, 
kbasht, 
kbazte, 
kbanei, 
kbamtm, 
kbaheb, 
kbamva, 
kbalan, 
kbajon, 
kbasvo, 
no user found, 
kbasys, "
Benutzer ohne Login;;;;;;;"kbabab, 
adamcares, 
kbaklb, 
kbaban, 
kbakar, 
kbalat, 
kbanea, 
no user found, 
kbaanr, 
kbambt, 
kbajtt, 
kbaaog, 
no user found, 
kbasor, 
kbaabh, 
no user found, 
kbaaig, 
no user found, 
kbapcl, 
kbapol, 
kbafdi, 
kbajmi, 
kbaadi, 
kbasdj, 
no user found, 
kbatdu, 
no user found, 
kbaalo, 
kbaaen, 
kbanrn, 
kbarfa, 
kbafis, 
kbarfr, 
kbaaaf, 
kbalga, 
kbanga, 
kbanar, 
kbacgc, 
kbavgi, 
kbagon, 
kbamia, 
kbakng, 
kbashm, 
kbamhh, 
rschb, 
kbalof, 
kbalol, 
kbaaun, 
kbahuc, 
no user found, 
kbarje, 
kbaaur, 
kbakek, 
kbajli, 
kbatar, 
kbaeeg, 
no user found, 
kbaultra, 
kbaerk, 
kbarki, 
kbarng, 
kbajkc, 
kbanof, 
kbavos, 
kbaekd, 
kbatos, 
no user found, 
kbahku, 
kbaila, 
kbaalm, 
kbahle, 
kbadli, 
kbaflo, 
kbarlo, 
kbamls, 
kbawma, 
kbamhm, 
kbacme, 
kbahic, 
kbapmi, 
kbalmh, 
kbacmo, 
kbatmo, 
kbabmr, 
kbajll, 
kbaanh, 
kbatob, 
no user found, 
kbalom, 
kbaduo, 
kbadar, 
kbavpa, 
kbadrd, 
kbapri, 
kbapro, 
kbarjn, 
kbasui, 
no user found, 
kballv, 
kbajul, 
kbafch, 
no user found, 
kbarvs, 
kbamic, 
kbatna, 
kbapsi, 
kbaitg, 
kbansn, 
kbasht, 
kbazte, 
kbanei, 
kbamtm, 
kbaheb, 
kbamva, 
kbalan, 
kbajon, 
kbasvo, 
no user found, 
kbasys, "
KBAM00343;2018070026;B.OG1.049;Latitude 5580 CTO;Active;10:65:30:5c:c3:aa;74:70:fd:48:c2:db;kbapb5, 23.07.2023 22:57:39
KBAM00368;2019020114;A.UG1.025;Latitude E5580;Active;10:65:30:5c:df:78;74:70:fd:48:e5:59;kbabni, 24.07.2023 21:21:04
KBAM00376;2019030269;B.OG5.044;Latitude 5590;Active;10:65:30:36:cc:18;f4:d1:08:6d:99:bc;"kbapb5, 25.07.2023 10:26:59
kbacer, 04.07.2023 13:09:01
kbajzp, 23.06.2023 09:06:17
kbaswg, 23.06.2023 09:06:15"
KBAM00376;2019030269;B.OG5.044;Latitude 5590;Active;10:65:30:36:cc:18;f4:d1:08:6d:99:bc;"kbapb5, 25.07.2023 10:26:59
kbacer, 04.07.2023 13:09:01
kbajzp, 23.06.2023 09:06:17
kbaswg, 23.06.2023 09:06:15"
KBAM00381;2019030274;B.OG5.044;Latitude 5590;Active;c8:f7:50:3f:06:28;f4:d1:08:6d:b3:11;"kbapb5, 20.07.2023 09:50:03
kbasag, 11.06.2023 15:31:47
kbamid, 10.07.2023 15:04:57"
KBAM00381;2019030274;B.OG5.044;Latitude 5590;Active;c8:f7:50:3f:06:28;f4:d1:08:6d:b3:11;"kbapb5, 20.07.2023 09:50:03
kbasag, 11.06.2023 15:31:47
kbamid, 10.07.2023 15:04:57"
KBAM00381;2019030274;B.OG5.044;Latitude 5590;Active;c8:f7:50:3f:06:28;f4:d1:08:6d:b3:11;"kbapb5, 20.07.2023 09:50:03
kbasag, 11.06.2023 15:31:47
kbamid, 10.07.2023 15:04:57"
KBAM00387;2019040097;A.OG3.022;Latitude 5590;Active;c8:f7:50:41:b4:06;d4:3b:04:5a:2b:02;"kbapa1, 12.06.2023 12:57:11
kbapa3, 18.07.2023 14:35:25
kbamdu, 11.07.2023 08:39:17
kbaaae, 30.06.2023 21:27:31
kbalki, 12.06.2023 11:55:51
kbabkb, 11.07.2023 08:39:18
kbadlm, 19.06.2023 13:25:08
kbaamw, 30.06.2023 21:27:31
kbarpl, 19.07.2023 18:08:04"
KBAM00387;2019040097;A.OG3.022;Latitude 5590;Active;c8:f7:50:41:b4:06;d4:3b:04:5a:2b:02;"kbapa1, 12.06.2023 12:57:11
kbapa3, 18.07.2023 14:35:25
kbamdu, 11.07.2023 08:39:17
kbaaae, 30.06.2023 21:27:31
kbalki, 12.06.2023 11:55:51
kbabkb, 11.07.2023 08:39:18
kbadlm, 19.06.2023 13:25:08
kbaamw, 30.06.2023 21:27:31
kbarpl, 19.07.2023 18:08:04"
KBAM00387;2019040097;A.OG3.022;Latitude 5590;Active;c8:f7:50:41:b4:06;d4:3b:04:5a:2b:02;"kbapa1, 12.06.2023 12:57:11
kbapa3, 18.07.2023 14:35:25
kbamdu, 11.07.2023 08:39:17
kbaaae, 30.06.2023 21:27:31
kbalki, 12.06.2023 11:55:51
kbabkb, 11.07.2023 08:39:18
kbadlm, 19.06.2023 13:25:08
kbaamw, 30.06.2023 21:27:31
kbarpl, 19.07.2023 18:08:04"
KBAM00387;2019040097;A.OG3.022;Latitude 5590;Active;c8:f7:50:41:b4:06;d4:3b:04:5a:2b:02;"kbapa1, 12.06.2023 12:57:11
kbapa3, 18.07.2023 14:35:25
kbamdu, 11.07.2023 08:39:17
kbaaae, 30.06.2023 21:27:31
kbalki, 12.06.2023 11:55:51
kbabkb, 11.07.2023 08:39:18
kbadlm, 19.06.2023 13:25:08
kbaamw, 30.06.2023 21:27:31
kbarpl, 19.07.2023 18:08:04"
KBAM00389;2019040099;B.OG5.044;Latitude 5590;Active;c8:f7:50:41:b7:f3;d4:3b:04:5a:1e:8c;kbapb5, 24.07.2023 18:28:42
KBAM00392;2019040102;A.OG2.022;Latitude 5590;Active;c8:f7:50:41:b8:19;d4:3b:04:5a:1e:af;"kbapa2, 19.07.2023 11:12:37
kbapa3, 21.06.2023 02:26:14
kbasdb, 19.07.2023 14:13:35
kbadkf, 15.07.2023 04:50:21
kbaipa, 17.07.2023 11:24:20
kbaesj, 19.07.2023 14:13:35"
KBAM00393;2019040103;A.OG1.022;Latitude 5590;Active;c8:f7:50:41:b2:20;d4:3b:04:5a:f3:0c;"kbapa1, 19.07.2023 15:04:35
kbaclo, 30.06.2023 21:24:49
kbalki, 25.06.2023 13:27:56
kbarsf, 01.06.2023 18:03:36
kbasai, 08.06.2023 16:26:18
kbacut, 07.06.2023 16:38:42"
KBAM00400;2019040110;A.OG2.022;Latitude 5590;Active;c8:f7:50:41:b3:02;d4:3b:04:5a:1d:47;"kbapa2, 15.07.2023 11:42:40
kbapa3, 21.06.2023 06:53:16
kbadhr, 19.07.2023 19:02:12
kbaipa, 21.06.2023 06:53:20
kbanrt, 12.06.2023 15:41:26
kbabsk, 14.07.2023 16:34:25
kbamnt, 07.07.2023 10:34:19"
KBAM00425;2019040312;A.EG0.010;Latitude 5590;Active;c8:f7:50:49:90:0d;d4:3b:04:8b:94:3f;"kbambb, 23.05.2023 18:13:35
kbamib, 11.05.2023 13:53:10
kbagbo, 12.04.2023 11:42:44
kbapcn, 26.06.2023 16:43:09
kbaihf, 11.05.2023 10:03:55
kbaaie, 11.05.2023 17:40:55
kbadkc, 07.06.2023 15:07:13
kbabni, 02.05.2023 09:10:46
kbasre, 23.05.2023 17:26:22
kbagsh, 05.05.2023 16:22:39
kbatsi, 02.05.2023 16:01:47
kbafwx, 25.05.2023 17:34:11
kbanwy, 04.07.2023 11:43:23"
KBAM00426;2019040313;A.OG2.022;Latitude 5590;Active;c8:f7:50:49:8f:b3;d4:3b:04:8c:e4:e8;"kbapa2, 25.05.2023 15:12:24
kbabam, 01.06.2023 13:42:59
kbadkf, 03.05.2023 16:02:11
kbaipa, 30.06.2023 07:18:34
kbarpl, 30.06.2023 09:05:25
kbaesj, 25.05.2023 07:25:37"
KBAM00442;2019040356;B.OG5.044;Latitude 5590;Active;c8:f7:50:49:90:0b;d4:3b:04:6a:ab:67;"kbapb5, 24.07.2023 15:30:10
kbaswg, 20.07.2023 14:06:57"
KBAM00444;2019040358;A.OG1.022;Latitude 5590;Active;c8:f7:50:49:90:37;d4:3b:04:8a:5f:ca;"kbapa1, 12.07.2023 15:07:21
kbalki, 16.06.2023 10:52:51
kbampo, 07.06.2023 08:46:07
kbacha, 20.07.2023 14:41:48
kbasai, 05.07.2023 16:04:04
kbacut, 11.06.2023 10:52:40"
KBAM00444;2019040358;A.OG1.022;Latitude 5590;Active;c8:f7:50:49:90:37;d4:3b:04:8a:5f:ca;"kbapa1, 12.07.2023 15:07:21
kbalki, 16.06.2023 10:52:51
kbampo, 07.06.2023 08:46:07
kbacha, 20.07.2023 14:41:48
kbasai, 05.07.2023 16:04:04
kbacut, 11.06.2023 10:52:40"
KBAM00466;2019050157;A.EG0.020;Latitude 5590;Active;c8:f7:50:58:d2:eb;98:2c:bc:a7:22:ef;"kbapa1, 27.04.2023 15:55:52
kbagbo, 29.06.2023 15:52:00
kbambe, 27.06.2023 15:54:22
kbatbr, 06.06.2023 11:30:57
kbafci, 02.06.2023 16:14:29
kbaaoa, 02.05.2023 14:51:09
kbaaie, 20.06.2023 13:32:58
kbainfo, 23.05.2023 20:09:58
kbarkh, 22.05.2023 14:01:23
kbanlh, 13.06.2023 16:03:31
kbamlf, 15.06.2023 16:08:08
kbasmb, 22.06.2023 11:46:55
kbabni, 21.06.2023 15:56:13
kbajue, 05.06.2023 15:50:54
kbarsd, 04.05.2023 12:07:54
kbamir, 04.05.2023 14:26:13
kbatsi, 26.06.2023 13:35:22
kbadov, 04.07.2023 10:23:12
kbaawe, 26.04.2023 16:07:49"
KBAM00466;2019050157;A.EG0.020;Latitude 5590;Active;c8:f7:50:58:d2:eb;98:2c:bc:a7:22:ef;"kbapa1, 27.04.2023 15:55:52
kbagbo, 29.06.2023 15:52:00
kbambe, 27.06.2023 15:54:22
kbatbr, 06.06.2023 11:30:57
kbafci, 02.06.2023 16:14:29
kbaaoa, 02.05.2023 14:51:09
kbaaie, 20.06.2023 13:32:58
kbainfo, 23.05.2023 20:09:58
kbarkh, 22.05.2023 14:01:23
kbanlh, 13.06.2023 16:03:31
kbamlf, 15.06.2023 16:08:08
kbasmb, 22.06.2023 11:46:55
kbabni, 21.06.2023 15:56:13
kbajue, 05.06.2023 15:50:54
kbarsd, 04.05.2023 12:07:54
kbamir, 04.05.2023 14:26:13
kbatsi, 26.06.2023 13:35:22
kbadov, 04.07.2023 10:23:12
kbaawe, 26.04.2023 16:07:49"
KBAM00472;2019060228;B.OG4.046;Latitude 5590;Active;c8:f7:50:49:88:af;d4:3b:04:8a:5f:bb;"kbapb4, 24.07.2023 14:30:04
kbacsg, 11.05.2023 13:28:13"
KBAM00472;2019060228;B.OG4.046;Latitude 5590;Active;c8:f7:50:49:88:af;d4:3b:04:8a:5f:bb;"kbapb4, 24.07.2023 14:30:04
kbacsg, 11.05.2023 13:28:13"
KBAM00475;2019060327;A.EG0.012;Latitude 5590;Active;c8:f7:50:58:e9:99;98:2c:bc:a8:04:71;"kbasdb, 24.07.2023 08:18:59
kbanlh, 04.07.2023 12:34:28"
KBAM00521;2021020217;C.OG3.030;Latitude 3510;Active;b0:7b:25:32:e5:f1;18:26:49:67:72:ad;"kbabsb, 30.06.2023 13:19:53
kbapc3, 23.07.2023 13:57:13
kbarll, 17.06.2023 11:58:47
kbaadg, 24.07.2023 13:29:33
kbaegg, 09.05.2023 14:50:14"
KBAM00534;2021060091;A.OG2.013;Latitude 5520;Active;c0:25:a5:10:5f:3e;a4:42:3b:39:9b:30;"kbapa2, 05.06.2023 16:23:24
kbatbr, 26.05.2023 14:52:50
kbafhr, 02.05.2023 14:06:49
kbapms, 10.07.2023 11:02:33
kbarpl, 10.07.2023 07:23:44
kbaesj, 09.05.2023 14:16:40
kbamnt, 09.05.2023 14:16:22"
KBAM00538;2021060097;B.OG5.038;Latitude 5520;Active;c0:25:a5:10:5f:26;a4:42:3b:38:3c:7c;"kbapb5, 21.07.2023 17:33:36
kbabbi, 07.07.2023 15:36:08
kbakae, 04.07.2023 17:59:14"
KBAM00538;2021060097;B.OG5.038;Latitude 5520;Active;c0:25:a5:10:5f:26;a4:42:3b:38:3c:7c;"kbapb5, 21.07.2023 17:33:36
kbabbi, 07.07.2023 15:36:08
kbakae, 04.07.2023 17:59:14"
KBAM00538;2021060097;B.OG5.038;Latitude 5520;Active;c0:25:a5:10:5f:26;a4:42:3b:38:3c:7c;"kbapb5, 21.07.2023 17:33:36
kbabbi, 07.07.2023 15:36:08
kbakae, 04.07.2023 17:59:14"
KBAM00539;2021060099;B.OG5.035;Latitude 5520;Active;c0:25:a5:10:6b:b0;a4:42:3b:38:45:1e;"kbapb5, 01.06.2023 14:49:08
kbabbi, 20.07.2023 12:44:10
kbamym, 14.07.2023 14:56:46"
KBAM00539;2021060099;B.OG5.035;Latitude 5520;Active;c0:25:a5:10:6b:b0;a4:42:3b:38:45:1e;"kbapb5, 01.06.2023 14:49:08
kbabbi, 20.07.2023 12:44:10
kbamym, 14.07.2023 14:56:46"
KBAM00539;2021060099;B.OG5.035;Latitude 5520;Active;c0:25:a5:10:6b:b0;a4:42:3b:38:45:1e;"kbapb5, 01.06.2023 14:49:08
kbabbi, 20.07.2023 12:44:10
kbamym, 14.07.2023 14:56:46"
KBAM00547;2021060108;B.OG5.038;Latitude 5520;Active;c0:25:a5:10:5f:f0;a4:42:3b:39:52:38;"kbapb5, 31.05.2023 06:29:07
kbabbi, 20.07.2023 09:54:15
kbaphysio, 03.05.2023 12:52:03
kbasdk, 02.05.2023 11:00:30
kbauli, 28.04.2023 15:33:13
kbajzp, 31.05.2023 06:29:07"
KBAM00547;2021060108;B.OG5.038;Latitude 5520;Active;c0:25:a5:10:5f:f0;a4:42:3b:39:52:38;"kbapb5, 31.05.2023 06:29:07
kbabbi, 20.07.2023 09:54:15
kbaphysio, 03.05.2023 12:52:03
kbasdk, 02.05.2023 11:00:30
kbauli, 28.04.2023 15:33:13
kbajzp, 31.05.2023 06:29:07"
KBAM00547;2021060108;B.OG5.038;Latitude 5520;Active;c0:25:a5:10:5f:f0;a4:42:3b:39:52:38;"kbapb5, 31.05.2023 06:29:07
kbabbi, 20.07.2023 09:54:15
kbaphysio, 03.05.2023 12:52:03
kbasdk, 02.05.2023 11:00:30
kbauli, 28.04.2023 15:33:13
kbajzp, 31.05.2023 06:29:07"
KBAM00557;2021070075;B.OG5.044;Latitude 5520;Active;c0:25:a5:10:5f:4a;a4:42:3b:38:48:ca;"kbaaet, 13.06.2023 08:54:02
kbapb5, 25.07.2023 14:19:20
kbaldu, 10.07.2023 09:20:29
kbajzp, 25.07.2023 14:16:55
kbaswg, 14.07.2023 22:34:45"
KBAM00557;2021070075;B.OG5.044;Latitude 5520;Active;c0:25:a5:10:5f:4a;a4:42:3b:38:48:ca;"kbaaet, 13.06.2023 08:54:02
kbapb5, 25.07.2023 14:19:20
kbaldu, 10.07.2023 09:20:29
kbajzp, 25.07.2023 14:16:55
kbaswg, 14.07.2023 22:34:45"
KBAM00557;2021070075;B.OG5.044;Latitude 5520;Active;c0:25:a5:10:5f:4a;a4:42:3b:38:48:ca;"kbaaet, 13.06.2023 08:54:02
kbapb5, 25.07.2023 14:19:20
kbaldu, 10.07.2023 09:20:29
kbajzp, 25.07.2023 14:16:55
kbaswg, 14.07.2023 22:34:45"
KBAM00562;2021070080;C.OG2.030;Latitude 5520;Active;c0:25:a5:10:63:d6;a4:42:3b:36:d3:fa;"kbaaad, 11.06.2023 22:12:30
kbanli, 24.07.2023 05:29:41
kbavbl, 21.07.2023 12:59:24
kbatbn, 07.06.2023 09:53:58
kbajbd, 28.06.2023 12:40:53
kbasrh, 24.07.2023 15:44:39
kbambk, 24.07.2023 05:29:40
kbasun, 07.06.2023 09:54:00
kbagpz, 25.07.2023 12:03:07"
KBAM00562;2021070080;C.OG2.030;Latitude 5520;Active;c0:25:a5:10:63:d6;a4:42:3b:36:d3:fa;"kbaaad, 11.06.2023 22:12:30
kbanli, 24.07.2023 05:29:41
kbavbl, 21.07.2023 12:59:24
kbatbn, 07.06.2023 09:53:58
kbajbd, 28.06.2023 12:40:53
kbasrh, 24.07.2023 15:44:39
kbambk, 24.07.2023 05:29:40
kbasun, 07.06.2023 09:54:00
kbagpz, 25.07.2023 12:03:07"
KBAM00564;2021070082;B.OG5.044;Latitude 5520;Active;c0:25:a5:10:5d:ac;a4:42:3b:39:b8:77;"kbapb5, 25.07.2023 14:10:28
kbaswg, 24.07.2023 15:24:00"
KBAM00569;2021080073;B.OG5.035;Latitude 5520;Active;c0:25:a5:6b:7d:b9;a8:64:f1:89:c6:69;"kbapb5, 27.06.2023 12:44:54
kbabbi, 08.06.2023 09:10:48
kbacer, 23.06.2023 09:04:49
kbauli, 10.05.2023 18:18:23
kbapbo, 26.05.2023 16:24:14
kbakae, 19.07.2023 16:13:38"
KBAM00569;2021080073;B.OG5.035;Latitude 5520;Active;c0:25:a5:6b:7d:b9;a8:64:f1:89:c6:69;"kbapb5, 27.06.2023 12:44:54
kbabbi, 08.06.2023 09:10:48
kbacer, 23.06.2023 09:04:49
kbauli, 10.05.2023 18:18:23
kbapbo, 26.05.2023 16:24:14
kbakae, 19.07.2023 16:13:38"
KBAM00569;2021080073;B.OG5.035;Latitude 5520;Active;c0:25:a5:6b:7d:b9;a8:64:f1:89:c6:69;"kbapb5, 27.06.2023 12:44:54
kbabbi, 08.06.2023 09:10:48
kbacer, 23.06.2023 09:04:49
kbauli, 10.05.2023 18:18:23
kbapbo, 26.05.2023 16:24:14
kbakae, 19.07.2023 16:13:38"
KBAM00569;2021080073;B.OG5.035;Latitude 5520;Active;c0:25:a5:6b:7d:b9;a8:64:f1:89:c6:69;"kbapb5, 27.06.2023 12:44:54
kbabbi, 08.06.2023 09:10:48
kbacer, 23.06.2023 09:04:49
kbauli, 10.05.2023 18:18:23
kbapbo, 26.05.2023 16:24:14
kbakae, 19.07.2023 16:13:38"
KBAM00569;2021080073;B.OG5.035;Latitude 5520;Active;c0:25:a5:6b:7d:b9;a8:64:f1:89:c6:69;"kbapb5, 27.06.2023 12:44:54
kbabbi, 08.06.2023 09:10:48
kbacer, 23.06.2023 09:04:49
kbauli, 10.05.2023 18:18:23
kbapbo, 26.05.2023 16:24:14
kbakae, 19.07.2023 16:13:38"
KBAM00571;2021080075;A.OG3.022;Latitude 5520;Active;c0:25:a5:6b:70:55;a8:64:f1:8b:31:e8;"kbapa3, 23.07.2023 20:30:06
kbamdu, 26.06.2023 22:53:59
kbaaae, 13.06.2023 12:59:45
kbadlm, 13.06.2023 13:42:50
kbarpl, 19.07.2023 16:21:02
kbalwe, 25.07.2023 11:29:17
kbaeur, 19.07.2023 16:21:01
kbamwr, 17.06.2023 14:58:47"
KBAM00571;2021080075;A.OG3.022;Latitude 5520;Active;c0:25:a5:6b:70:55;a8:64:f1:8b:31:e8;"kbapa3, 23.07.2023 20:30:06
kbamdu, 26.06.2023 22:53:59
kbaaae, 13.06.2023 12:59:45
kbadlm, 13.06.2023 13:42:50
kbarpl, 19.07.2023 16:21:02
kbalwe, 25.07.2023 11:29:17
kbaeur, 19.07.2023 16:21:01
kbamwr, 17.06.2023 14:58:47"
KBAM00580;2022030153;A.OG2.018;Latitude 5520;Active;b4:45:06:5b:49:73;60:dd:8e:f4:db:b6;"kbapa2, 30.06.2023 16:03:23
kbaebn, 21.07.2023 10:43:23
kbabsk, 12.07.2023 15:32:21"
KBAM00583;2022030166;A.OG2.022;Latitude 5520;Active;b4:45:06:5b:64:bb;d4:54:8b:b1:9d:4c;"kbapa2, 25.07.2023 14:36:16
kbapa3, 22.06.2023 00:03:07
kbavdu, 29.06.2023 03:47:42
kbaipa, 25.07.2023 14:48:00
kbabsk, 25.07.2023 14:48:00
kbaesj, 08.07.2023 14:55:00
kbamnt, 25.07.2023 14:48:00
kbajwt, 25.06.2023 14:23:30"
KBAM00583;2022030166;A.OG2.022;Latitude 5520;Active;b4:45:06:5b:64:bb;d4:54:8b:b1:9d:4c;"kbapa2, 25.07.2023 14:36:16
kbapa3, 22.06.2023 00:03:07
kbavdu, 29.06.2023 03:47:42
kbaipa, 25.07.2023 14:48:00
kbabsk, 25.07.2023 14:48:00
kbaesj, 08.07.2023 14:55:00
kbamnt, 25.07.2023 14:48:00
kbajwt, 25.06.2023 14:23:30"
KBAM00586;2022030169;B.OG4.046;Latitude 5520;Active;b4:45:06:5a:2a:a1;2c:6d:c1:26:d6:67;"kbapb4, 25.07.2023 13:14:44
kbaglo, 04.07.2023 21:18:05
kbatmu, 26.06.2023 23:27:13"
KBAM00586;2022030169;B.OG4.046;Latitude 5520;Active;b4:45:06:5a:2a:a1;2c:6d:c1:26:d6:67;"kbapb4, 25.07.2023 13:14:44
kbaglo, 04.07.2023 21:18:05
kbatmu, 26.06.2023 23:27:13"
KBAM00589;2022030180;B.OG4.046;Latitude 5520;Active;b4:45:06:5b:60:13;2c:6d:c1:46:b0:4f;"kbapb4, 23.07.2023 12:45:33
kbatmu, 07.07.2023 05:32:53"
KBAM00606;2022030200;B.OG5.044;Latitude 5520;Active;b4:45:06:5a:31:31;d4:54:8b:b1:ab:52;"kbaaet, 03.07.2023 14:47:21
kbapb5, 19.07.2023 14:27:24
kbaaoa, 12.07.2023 02:34:07
kbasag, 13.07.2023 05:35:03
kbakap, 12.07.2023 22:48:47
kbatsa, 16.07.2023 13:52:10
kbajzp, 16.07.2023 23:46:38
kbaswg, 03.07.2023 14:47:20"
KBAM00606;2022030200;B.OG5.044;Latitude 5520;Active;b4:45:06:5a:31:31;d4:54:8b:b1:ab:52;"kbaaet, 03.07.2023 14:47:21
kbapb5, 19.07.2023 14:27:24
kbaaoa, 12.07.2023 02:34:07
kbasag, 13.07.2023 05:35:03
kbakap, 12.07.2023 22:48:47
kbatsa, 16.07.2023 13:52:10
kbajzp, 16.07.2023 23:46:38
kbaswg, 03.07.2023 14:47:20"
KBAM00606;2022030200;B.OG5.044;Latitude 5520;Active;b4:45:06:5a:31:31;d4:54:8b:b1:ab:52;"kbaaet, 03.07.2023 14:47:21
kbapb5, 19.07.2023 14:27:24
kbaaoa, 12.07.2023 02:34:07
kbasag, 13.07.2023 05:35:03
kbakap, 12.07.2023 22:48:47
kbatsa, 16.07.2023 13:52:10
kbajzp, 16.07.2023 23:46:38
kbaswg, 03.07.2023 14:47:20"
KBAM00606;2022030200;B.OG5.044;Latitude 5520;Active;b4:45:06:5a:31:31;d4:54:8b:b1:ab:52;"kbaaet, 03.07.2023 14:47:21
kbapb5, 19.07.2023 14:27:24
kbaaoa, 12.07.2023 02:34:07
kbasag, 13.07.2023 05:35:03
kbakap, 12.07.2023 22:48:47
kbatsa, 16.07.2023 13:52:10
kbajzp, 16.07.2023 23:46:38
kbaswg, 03.07.2023 14:47:20"
KBAM00610;2022030204;C.OG2.028;Latitude 5520;Active;b4:45:06:5b:5f:4f;60:dd:8e:f3:10:e2;"kbaaad, 01.07.2023 14:54:26
kbavbl, 17.06.2023 13:12:55
kbatbn, 23.06.2023 06:16:41
kbasrh, 01.07.2023 09:22:42
kbambk, 18.07.2023 09:23:22
kbafmh, 01.07.2023 14:54:26
kbagpz, 20.07.2023 17:35:58
kbassv, 01.07.2023 14:54:26
kbaawr, 13.07.2023 11:10:03"
KBAM00610;2022030204;C.OG2.028;Latitude 5520;Active;b4:45:06:5b:5f:4f;60:dd:8e:f3:10:e2;"kbaaad, 01.07.2023 14:54:26
kbavbl, 17.06.2023 13:12:55
kbatbn, 23.06.2023 06:16:41
kbasrh, 01.07.2023 09:22:42
kbambk, 18.07.2023 09:23:22
kbafmh, 01.07.2023 14:54:26
kbagpz, 20.07.2023 17:35:58
kbassv, 01.07.2023 14:54:26
kbaawr, 13.07.2023 11:10:03"
KBAM00644;2022120117;B.OG4.046;Latitude 5530;Active;C8:4B:D6:64:D2:3E;8C:17:59:B9:56:9A;kbapb4, 18.07.2023 22:23:09
KBAM00673;2022120194;A.OG1.022;Latitude 5530;Active;C8:4B:D6:68:7E:0A;8C:17:59:B9:70:94;"kbapa1, 11.07.2023 14:22:10
kbalki, 06.06.2023 09:03:03
kbalkt, 24.07.2023 13:07:28
kbahpl, 24.07.2023 13:07:28
kbacrg, 25.06.2023 11:36:25
kbasai, 03.07.2023 16:34:52
kbacut, 07.06.2023 14:30:58"
KBAW00272;2018070065;B.OG5.044;Optiplex 7050 MFF;Active;d8:9e:f3:8a:43:55;c0:b6:f9:26:e1:5c;"kbapb5, 21.07.2023 12:50:04
kbatbr, 10.07.2023 21:34:24
kbagen, 26.06.2023 12:47:05
kbajzp, 14.07.2023 11:49:38"
KBAW00272;2018070065;B.OG5.044;Optiplex 7050 MFF;Active;d8:9e:f3:8a:43:55;c0:b6:f9:26:e1:5c;"kbapb5, 21.07.2023 12:50:04
kbatbr, 10.07.2023 21:34:24
kbagen, 26.06.2023 12:47:05
kbajzp, 14.07.2023 11:49:38"
KBAW00273;2018070064;A.OG3.022;Optiplex 7050 MFF;Active;d8:9e:f3:8a:44:cd;c0:b6:f9:26:e1:e3;"kbapa1, 12.06.2023 15:10:16
kbapa3, 18.07.2023 05:39:06
kbaskf, 25.07.2023 17:04:43
kbadlm, 22.06.2023 06:58:46"
KBAW00274;2018070063;A.OG2.027;Optiplex 7050 MFF;Active;d8:9e:f3:8a:3f:8d;c0:b6:f9:26:e1:52;"kbapa2, 24.07.2023 15:36:28
kbaipa, 23.07.2023 06:50:50
kbaesj, 25.06.2023 22:20:26
kbamnt, 02.07.2023 21:46:10"
KBAW00277;2018070068;B.OG5.044;Optiplex 7050 MFF;Active;d8:9e:f3:8a:28:93;c0:b6:f9:26:e0:df;"kbapb5, 19.07.2023 10:20:34
kbaaoh, 05.07.2023 09:37:56
kbatbr, 12.07.2023 22:41:06"
KBAW00277;2018070068;B.OG5.044;Optiplex 7050 MFF;Active;d8:9e:f3:8a:28:93;c0:b6:f9:26:e0:df;"kbapb5, 19.07.2023 10:20:34
kbaaoh, 05.07.2023 09:37:56
kbatbr, 12.07.2023 22:41:06"
KBAW00289;2018110002;B.OG5.044;Optiplex 7050 MFF;Active;d8:9e:f3:86:8c:0e;14:4f:8a:63:07:a4;"kbapb5, 24.07.2023 14:40:43
kbatbr, 08.07.2023 22:27:03"
KBAW00293;2018110006;A.OG1.022;Optiplex 7050 MFF;Active;d8:9e:f3:89:a2:f6;14:4f:8a:63:c9:a5;"kbapa1, 19.07.2023 16:49:44
kbalki, 15.07.2023 13:47:41
kbalkt, 19.07.2023 16:49:44
kbasai, 14.07.2023 16:29:07
no user found, 07.06.2023 14:10:58"
KBAW00294;2018110007;A.OG1.022;Optiplex 7050 MFF;Active;d8:9e:f3:89:a7:81;14:4f:8a:63:06:c8;"kbapa1, 24.07.2023 15:32:20
kbalki, 13.07.2023 15:04:35
kbalkt, 27.06.2023 17:18:40
kbahpl, 24.07.2023 15:32:20
kbasai, 13.07.2023 14:46:57"
KBAW00295;2018110008;A.OG1.022;Optiplex 7050 MFF;Active;d8:9e:f3:8a:45:b2;c0:b6:f9:26:e0:bc;"kbapa1, 19.07.2023 16:53:05
kbalki, 21.06.2023 12:44:50
kbalkt, 19.07.2023 16:53:05
kbasai, 08.06.2023 15:33:06
no user found, 06.06.2023 10:19:10"
KBAW00296;2018110009;B.OG5.044;Optiplex 7050 MFF;Active;d8:9e:f3:89:a6:50;14:4f:8a:63:c9:87;"kbapb5, 20.07.2023 15:43:31
kbatbr, 02.07.2023 22:33:32"
KBAW00301;2018110014;A.OG3.022;Optiplex 7050 MFF;Active;d8:9e:f3:89:a3:63;14:4f:8a:63:c9:af;"kbapa3, 20.07.2023 15:53:17
kbaamw, 30.06.2023 16:33:40
kbakwe, 19.07.2023 16:09:56"
KBAW00302;2018110015;B.OG5.044;Optiplex 7050 MFF;Active;d8:9e:f3:89:a1:a2;14:4f:8a:63:07:9f;"kbapb5, 22.07.2023 11:14:04
kbatbr, 17.07.2023 22:25:45"
KBAW00303;2018110016;B.OG5.044;Optiplex 7050 MFF;Active;d8:9e:f3:8a:45:a9;c0:b6:f9:26:e1:e8;"kbapb5, 22.07.2023 10:59:24
kbatbr, 11.07.2023 22:32:04"
